question_id,external_id,grader,status,inserted_at
question_8,q52-542417,dima,submitted,2026-05-13 13:17:41.530164
question_38,q246-148050,dima,submitted,2026-05-14 14:38:18.777883
question_39,q6-338968,dima,submitted,2026-05-14 15:11:44.851110
question_43,q135-391476,dima,submitted,2026-05-14 15:13:46.375612
question_3,q189-356787,dima,submitted,2026-05-14 15:19:14.931808
question_32,q114-496922,dima,submitted,2026-05-14 15:22:02.724179
question_4,q42-246316,dima,submitted,2026-05-14 15:25:39.995474
question_49,q65-816751,dima,submitted,2026-05-14 15:29:19.878199
question_42,q41-205907,dima,submitted,2026-05-14 15:32:24.179520
question_13,q129-308496,dima,submitted,2026-05-14 20:08:07.376806
question_5,q50-207473,dima,discarded,2026-05-14 20:08:46.802399
question_37,q206-838797,dima,submitted,2026-05-14 20:09:08.672774
question_6,q44-876646,dima,submitted,2026-05-14 20:12:15.627424
question_11,q70-629903,dima,discarded,2026-05-14 20:13:57.031040
question_26,q19-201414,dima,submitted,2026-05-14 20:14:14.823124
question_35,q186-748564,dima,submitted,2026-05-14 20:16:31.187496
question_53,q185-356702,dima,submitted,2026-05-14 20:18:09.166117
question_7,q49-191161,dima,discarded,2026-05-14 20:18:48.070589
question_29,q103-946335,dima,submitted,2026-05-14 20:20:45.234950
question_12,q110-127824,dima,submitted,2026-05-14 21:06:02.524803
question_33,q137-678856,dima,submitted,2026-05-15 01:36:47.102984
question_44,q163-766563,dima,submitted,2026-05-15 01:43:13.616516
question_36,q188-705397,dima,submitted,2026-05-15 01:46:01.264765
question_14,q136-781453,dima,submitted,2026-05-15 01:57:26.657232
question_31,q109-662275,dima,submitted,2026-05-15 02:18:30.928084
question_21,q256-543143,dima,submitted,2026-05-15 05:17:45.030639
question_10,q61-329258,dima,submitted,2026-05-15 06:20:00.406263
question_24,q15-452944,dima,submitted,2026-05-15 06:24:07.703057
question_45,q193-482554,dima,submitted,2026-05-15 06:26:31.516710
question_2,q143-877572,dima,submitted,2026-05-15 06:33:16.729701
question_15,q155-671412,dima,submitted,2026-05-15 06:34:15.809066
question_16,q174-331148,dima,submitted,2026-05-15 06:39:38.166348
question_9,q54-131244,dima,submitted,2026-05-15 06:43:31.885329
question_20,q221-267414,dima,submitted,2026-05-15 06:47:23.452090
question_30,q108-865179,dima,submitted,2026-05-15 08:56:54.789010
question_47,q24-319684,dima,submitted,2026-05-15 09:01:54.931582
question_28,q57-733052,dima,submitted,2026-05-15 09:03:19.033924
question_19,q220-895667,dima,submitted,2026-05-15 09:05:10.763192
question_1,q2-216739,dima,submitted,2026-05-15 10:22:39.316388
question_41,q38-996865,dima,submitted,2026-05-15 10:29:01.226784
question_50,q66-174870,dima,submitted,2026-05-15 10:37:15.431370
question_34,q144-969693,dima,submitted,2026-05-15 10:38:44.906062
question_22,q259-391369,dima,submitted,2026-05-15 10:43:18.553952
question_18,q218-948749,dima,submitted,2026-05-15 10:44:26.327589
question_48,q35-379946,dima,discarded,2026-05-15 10:57:29.751215
question_27,q31-988662,dima,submitted,2026-05-15 10:58:20.351478
question_36,q188-705397,hasan,submitted,2026-05-15 11:02:09.973808
question_27,q31-988662,hasan,submitted,2026-05-15 11:13:28.894834
question_44,q163-766563,hasan,submitted,2026-05-15 11:22:55.618711
question_31,q109-662275,hasan,submitted,2026-05-15 12:07:52.592542
question_43,q135-391476,hasan,submitted,2026-05-15 12:17:57.352906
question_16,q174-331148,hasan,submitted,2026-05-15 12:22:12.726669
question_17,q175-717889,dima,submitted,2026-05-15 12:22:45.341653
question_52,q184-660086,dima,submitted,2026-05-15 12:23:48.425054
question_23,q5-325772,dima,submitted,2026-05-15 12:25:23.193931
question_40,q28-403445,dima,submitted,2026-05-15 12:27:34.475690
question_30,q108-865179,hasan,submitted,2026-05-15 12:27:45.911493
question_51,q172-765822,dima,submitted,2026-05-15 12:30:55.430249
question_25,q16-197251,dima,submitted,2026-05-15 12:35:28.743325
question_46,q1-488162,dima,submitted,2026-05-15 12:36:58.158308
question_47,q24-319684,hasan,submitted,2026-05-15 12:45:43.038600
question_25,q16-197251,hasan,submitted,2026-05-15 13:13:46.346617
question_33,q137-678856,hasan,submitted,2026-05-15 13:20:17.329217
question_35,q186-748564,hasan,draft,2026-05-15 14:15:16.998866
